Eisenstadt;Burgenland;Austria
Neusiedl am See;Burgenland;Austria
Oberwart;Burgenland;Austria
Mattersburg;Burgenland;Austria
Pinkafeld;Burgenland;Austria
Klagenfurt;Kärnten;Austria
Villach;Kärnten;Austria
Wolfsberg;Kärnten;Austria
Spittal an der Drau;Kärnten;Austria
Feldkirchen;Kärnten;Austria
Sankt Veit an der Glan;Kärnten;Austria
Völkermarkt;Kärnten;Austria
Sankt Andrä;Kärnten;Austria
Ferlach;Kärnten;Austria
Radenthein;Kärnten;Austria
Sankt Pölten;Niederösterreich;Austria
Mödling;Niederösterreich;Austria
Wiener Neustadt;Niederösterreich;Austria
Klosterneuburg;Niederösterreich;Austria
Krems an der Donau;Niederösterreich;Austria
Amstetten;Niederösterreich;Austria
Traiskirchen;Niederösterreich;Austria
Schwechat;Niederösterreich;Austria
Stockerau;Niederösterreich;Austria
Muckendorf an der Donau;Niederösterreich;Austria
Ternitz;Niederösterreich;Austria
Korneuburg;Niederösterreich;Austria
Neunkirchen;Niederösterreich;Austria
Bad Vöslau;Niederösterreich;Austria
Gänserndorf;Niederösterreich;Austria
Hollabrunn;Niederösterreich;Austria
Mistelbach;Niederösterreich;Austria
Gerasdorf bei Wien;Niederösterreich;Austria
Waidhofen an der Ybbs;Niederösterreich;Austria
Groß-Enzersdorf;Niederösterreich;Austria
Ebreichsdorf;Niederösterreich;Austria
Zwettl;Niederösterreich;Austria
Purkersdorf;Niederösterreich;Austria
Sankt Valentin;Niederösterreich;Austria
Deutsch-Wagram;Niederösterreich;Austria
Neulengbach;Niederösterreich;Austria
Bruck an der Leitha;Niederösterreich;Austria
Herzogenburg;Niederösterreich;Austria
Langenlois;Niederösterreich;Austria
Pressbaum;Niederösterreich;Austria
Wolkersdorf im Weinviertel;Niederösterreich;Austria
Hainburg an der Donau;Niederösterreich;Austria
Wilhelmsburg;Niederösterreich;Austria
Horn;Niederösterreich;Austria
Traismauer;Niederösterreich;Austria
Laa an der Thaya;Niederösterreich;Austria
Gloggnitz;Niederösterreich;Austria
Ybbs an der Donau;Niederösterreich;Austria
Fischamend;Niederösterreich;Austria
Melk;Niederösterreich;Austria
Haag;Niederösterreich;Austria
Waidhofen an der Thaya;Niederösterreich;Austria
Gmünd;Niederösterreich;Austria
Poysdorf;Niederösterreich;Austria
Schrems;Niederösterreich;Austria
Zistersdorf;Niederösterreich;Austria
Linz;Oberösterreich;Austria
Wels;Oberösterreich;Austria
Steyr;Oberösterreich;Austria
Leonding;Oberösterreich;Austria
Traun;Oberösterreich;Austria
Braunau am Inn;Oberösterreich;Austria
Ansfelden;Oberösterreich;Austria
Bad Ischl;Oberösterreich;Austria
Marchtrenk;Oberösterreich;Austria
Gmunden;Oberösterreich;Austria
Vöcklabruck;Oberösterreich;Austria
Ried im Innkreis;Oberösterreich;Austria
Enns;Oberösterreich;Austria
Laakirchen;Oberösterreich;Austria
Attnang-Puchheim;Oberösterreich;Austria
Perg;Oberösterreich;Austria
Freistadt;Oberösterreich;Austria
Mattighofen;Oberösterreich;Austria
Gallneukirchen;Oberösterreich;Austria
Pregarten;Oberösterreich;Austria
Grieskirchen;Oberösterreich;Austria
Schärding;Oberösterreich;Austria
Bad Hall;Oberösterreich;Austria
Salzburg;Salzburg;Austria
Hallein;Salzburg;Austria
Saalfelden am Steinernen Meer;Salzburg;Austria
Sankt Johann im Pongau;Salzburg;Austria
Bischofshofen;Salzburg;Austria
Zell am See;Salzburg;Austria
Oberndorf bei Salzburg;Salzburg;Austria
Neumarkt am Wallersee;Salzburg;Austria
Mittersill;Salzburg;Austria
Graz;Steiermark;Austria
Weiz;Steiermark;Austria
Leoben;Steiermark;Austria
Kapfenberg;Steiermark;Austria
Bruck an der Mur;Steiermark;Austria
Feldbach;Steiermark;Austria
Knittelfeld;Steiermark;Austria
Leibnitz;Steiermark;Austria
Deutschlandsberg;Steiermark;Austria
Trofaiach;Steiermark;Austria
Gleisdorf;Steiermark;Austria
Köflach;Steiermark;Austria
Judenburg;Steiermark;Austria
Voitsberg;Steiermark;Austria
Mürzzuschlag;Steiermark;Austria
Fürstenfeld;Steiermark;Austria
Liezen;Steiermark;Austria
Kindberg;Steiermark;Austria
Zeltweg;Steiermark;Austria
Fehring;Steiermark;Austria
Hartberg;Steiermark;Austria
Frohnleiten;Steiermark;Austria
Schladming;Steiermark;Austria
Spielberg bei Knittelfeld;Steiermark;Austria
Rottenmann;Steiermark;Austria
Hafendorf;Steiermark;Austria
Innsbruck;Tirol;Austria
Hall in Tirol;Tirol;Austria
Kufstein;Tirol;Austria
Wörgl;Tirol;Austria
Schwaz;Tirol;Austria
Lienz;Tirol;Austria
Imst;Tirol;Austria
Kitzbühel;Tirol;Austria
Landeck;Tirol;Austria
Bregenz;Vorarlberg;Austria
Dornbirn;Vorarlberg;Austria
Lustenau;Vorarlberg;Austria
Hohenems;Vorarlberg;Austria
Bludenz;Vorarlberg;Austria
Wien;Wien;Austria
